keyword,asin,url,ad,title,price,real_price,rating,rating_count,thumbnail_url
SSD,B01N5IB20Q,https://www.amazon.fr/Kingston-SSD-A400-240GB-Disque-SATA/dp/B01N5IB20Q/ref=sr_1_1,False,"Kingston A400 SSD SSD Interne 2.5"" SATA Rev 3.0, 240GB - SA400S37/240G","23,24 €","39,99 €",,,https://m.media-amazon.com/images/I/91RL+MhTWbL._AC_UL320_.jpg
SSD,B07G3KGYZQ,https://www.amazon.fr/Crucial-CT480BX500SSD1-Interne-BX500-Pouces/dp/B07G3KGYZQ/ref=sr_1_2_mod_primary_new,False,"Crucial BX500 480GB 3D NAND SATA 2,5 pouces SSD interne - Jusqu’à 540 Mo/s - CT480BX500SSD1","35,72 €","42,99 €",,,https://m.media-amazon.com/images/I/91RL+MhTWbL._AC_UL320_.jpg
SSD,B01N0TQPQB,https://www.amazon.fr/Kingston-SSD-A400-480GB-Disque/dp/B01N0TQPQB/ref=sr_1_3,False,"Kingston A400 SSD SSD Interne 2.5"" SATA Rev 3.0, 480GB - SA400S37/480G","34,58 €","66,99 €",,,https://m.media-amazon.com/images/I/91RL+MhTWbL._AC_UL320_.jpg
SSD,B089QXQ1TV,https://www.amazon.fr/Samsung-870-SATA-interne-MZ-77Q1T0BW/dp/B089QXQ1TV/ref=sr_1_4,False,"Samsung 870 QVO MZ-77Q1T0BW | Disque SSD Interne 1 To, SATA III, 2,5'' - Technologie QLC seconde génération","79,72 €","109,89 €",,,https://m.media-amazon.com/images/I/91RL+MhTWbL._AC_UL320_.jpg
SSD,B07KR2CX1F,https://www.amazon.fr/Silicon-Power-Performance-pouces-Interne/dp/B07KR2CX1F/ref=sr_1_5,False,"Silicon Power SSD 256Go 3D NAND A55 SLC Cache Performance Boost 2.5 pouces SATA III 7mm (0.28"") Interne SSD","19,99 €","20,99 €",,,https://m.media-amazon.com/images/I/91RL+MhTWbL._AC_UL320_.jpg
SSD,B08PC43D78,https://www.amazon.fr/Samsung-MZ-77E500B-EU-interne-vitesse/dp/B08PC43D78/ref=sr_1_6,False,"Samsung SSD 870 EVO MZ-77E500B/EU | Disque SSD interne 2,5’’ haute vitesse, 500 Go - Pour les gamers et professionnels.","49,99 €","79,99 €",,,https://m.media-amazon.com/images/I/91RL+MhTWbL._AC_UL320_.jpg
SSD,B0B25LZGGW,https://www.amazon.fr/Crucial-CT1000P3SSD8-PCIe-NAND-Jusqu%C3%A0/dp/B0B25LZGGW/ref=sr_1_7,False,Crucial P3 1To M.2 PCIe Gen3 NVMe SSD interne - Jusqu’à 3500Mo/s - CT1000P3SSD8,"69,18 €","96,99 €",,,https://m.media-amazon.com/images/I/91RL+MhTWbL._AC_UL320_.jpg
SSD,B07KR1GFY5,https://www.amazon.fr/Silicon-Power-Performance-pouces-Interne/dp/B07KR1GFY5/ref=sr_1_8,False,"Silicon Power SSD 512Go 3D NAND A55 SLC Cache Performance Boost 2.5 pouces SATA III 7mm (0.28"") Interne SSD","30,99 €","31,99 €",,,https://m.media-amazon.com/images/I/91RL+MhTWbL._AC_UL320_.jpg
SSD,B01KIUER9Q,https://www.amazon.fr/PNY-CS900-Disque-Flash-Interne/dp/B01KIUER9Q/ref=sr_1_9_mod_primary_new,False,"PNY CS900 SSD Interne SATA III, 2.5 pouces, 480Go, Vitesse de lecture jusqu'à 550MB/s","32,15 €","55,99 €",,,https://m.media-amazon.com/images/I/91RL+MhTWbL._AC_UL320_.jpg
SSD,B08TJ2649W,https://www.amazon.fr/Samsung-MZ-V8V1T0BW-Contr%C3%B4le-thermique-intelligent/dp/B08TJ2649W/ref=sr_1_10,False,"Samsung 980 MZ-V8V1T0BW | Disque SSD Interne NVMe M.2, PCIe 3.0, 1 To, Contrôle thermique intelligent","83,87 €",,,,https://m.media-amazon.com/images/I/91RL+MhTWbL._AC_UL320_.jpg
SSD,B0786QNS9B,https://www.amazon.fr/Crucial-CT500MX500SSD1-interne-MX500-pouces/dp/B0786QNS9B/ref=sr_1_11,False,"Crucial MX500 500Go 3D NAND SATA 2,5 pouces SSD interne - Jusqu’à 560 Mo/s - CT500MX500SSD1","48,10 €","61,99 €",,,https://m.media-amazon.com/images/I/91RL+MhTWbL._AC_UL320_.jpg
SSD,B07KQZ1Z53,https://www.amazon.fr/Silicon-Power-Performance-pouces-Interne/dp/B07KQZ1Z53/ref=sr_1_12,False,"Silicon Power SSD 1To 3D NAND A55 SLC Cache Performance Boost 2.5 pouces SATA III 7mm (0.28"") Interne SSD","54,99 €","57,99 €",,,https://m.media-amazon.com/images/I/91RL+MhTWbL._AC_UL320_.jpg
SSD,B07G3YNLJB,https://www.amazon.fr/Crucial-CT240BX500SSD1-Interne-BX500-Pouces/dp/B07G3YNLJB/ref=sr_1_13,False,"Crucial BX500 240Go CT240BX500SSD1 SSD Interne-jusqu’à 540 Mo/s (3D NAND, SATA, 2,5 pouces)","27,85 €","41,99 €",,,https://m.media-amazon.com/images/I/91RL+MhTWbL._AC_UL320_.jpg
SSD,B07KR25Q72,https://www.amazon.fr/Silicon-Power-Performance-pouces-Interne/dp/B07KR25Q72/ref=sr_1_14,False,"Silicon Power SSD 128Go 3D NAND A55 SLC Cache Performance Boost 2.5 pouces SATA III 7mm (0.28"") Interne SSD","14,99 €","15,99 €",,,https://m.media-amazon.com/images/I/91RL+MhTWbL._AC_UL320_.jpg
SSD,B09XDJPPMB,https://www.amazon.fr/Fanxiang-S101-Compatible-Ordinateurs-Portables/dp/B09XDJPPMB/ref=sr_1_15,False,"fanxiang S101 512Go SSD Disque Interne SSD SATA III 6 Go/s 2,5"" Vitesse de Lecture jusqu'à 550 Mo/Sec, Compatible avec Ordinateurs Portables et Ordinateurs de Bureau (Noir)","34,99 €",,,,https://m.media-amazon.com/images/I/91RL+MhTWbL._AC_UL320_.jpg
SSD,B093CNPVX1,https://www.amazon.fr/Interne-Lexar-Lecture-Passionn%C3%A9s-LNM620X001T-RNNNG/dp/B093CNPVX1/ref=sr_1_16,False,"Lexar NM620 SSD 1To, M.2 2280 PCIe Gen3x4 NVMe 1.4 SSD 1To Interne, Jusqu'à 3500 Mo/s en lecture, 3000 Mo/s en écriture, disque dur SSD pour les Passionnés de PC et les Joueurs (LNM620X001T-RNNNG)","62,52 €","79,99 €",,,https://m.media-amazon.com/images/I/91RL+MhTWbL._AC_UL320_.jpg
SSD,B08GTYFC37,https://www.amazon.fr/SanDisk-Extreme-d%C3%A9criture-r%C3%A9sistant-poussi%C3%A8re/dp/B08GTYFC37/ref=sr_1_17,False,"SanDisk Extreme 1 To NVMe SSD, disque externe, USB-C, jusqu'à 1 050 Mo/s en vitesse de lecture et 1 000 Mo/s en vitesse d'écriture, résistant à l'eau et à la poussière","121,80 €","129,26 €",,,https://m.media-amazon.com/images/I/91RL+MhTWbL._AC_UL320_.jpg
SSD,B0BBWJH1P8,https://www.amazon.fr/Kingston-NVMe-PCIe-500G-2280/dp/B0BBWJH1P8/ref=sr_1_18,False,Kingston NV2 NVMe PCIe 4.0 SSD 500G M.2 2280 - SNV2S/500G,"36,48 €","42,97 €",,,https://m.media-amazon.com/images/I/91RL+MhTWbL._AC_UL320_.jpg
SSD,B087DFLF9S,https://www.amazon.fr/Samsung-USB-3-2-externe-noir/dp/B087DFLF9S/ref=sr_1_19,False,Samsung T7 MU-PC1T0T/WW | Disque SSD externe portable 1 To - USB 3.2 - Sécurisation par mot de passe - 1050 Mo/s,"102,99 €","239,99 €",,,https://m.media-amazon.com/images/I/91RL+MhTWbL._AC_UL320_.jpg
SSD,B087K9MCLM,https://www.amazon.fr/Patriot-512Go-Disque-Solide-Interne/dp/B087K9MCLM/ref=sr_1_20,False,"Patriot P210 SSD 512Go SATA III Disque Solide Interne 2.5"" - P210S512G25","32,99 €",,,,https://m.media-amazon.com/images/I/91RL+MhTWbL._AC_UL320_.jpg
SSD,B07LGJM6BP,https://www.amazon.fr/Verbatim-VI500-SSD-512-SATA/dp/B07LGJM6BP/ref=sr_1_21,False,VERBATIM Vi550 S3 SSD - SSD interne 512GB - Solid State Drive - 2.5'' interface SATA III - disque dur interne SSD technologie 3D NAND - SSD 512GB haute performance - 560MB/s - noir,"40,24 €",,,,https://m.media-amazon.com/images/I/91RL+MhTWbL._AC_UL320_.jpg
SSD,B098WL46RS,https://www.amazon.fr/Crucial-CT1000P5PSSD8-Interne-jusqu%C3%A0-6600Mo/dp/B098WL46RS/ref=sr_1_22,False,Crucial P5 Plus 1TB SSD de jeu interne M.2 PCIe Gen4 NVMe - Jusqu’à 6600MB/s - CT1000P5PSSD8,"100,84 €","139,99 €",,,https://m.media-amazon.com/images/I/91RL+MhTWbL._AC_UL320_.jpg
SSD,B08LKMQ9T4,https://www.amazon.fr/Patriot-Burst-Disque-Solide-Interne/dp/B08LKMQ9T4/ref=sr_1_23,False,"Patriot Burst Elite SSD 120Go SATA III Disque Solide Interne 2.5""","15,99 €",,,,https://m.media-amazon.com/images/I/91RL+MhTWbL._AC_UL320_.jpg
SSD,B01F9G43WU,https://www.amazon.fr/SANDISK-Revision-Charges-Configuration-Serveillance/dp/B01F9G43WU/ref=sr_1_24,False,"SanDisk SSD Plus 240 Go SATA III Disque SSD interne 2,5’’ jusqu’à 530 Mo/s","37,40 €","40,99 €",,,https://m.media-amazon.com/images/I/91RL+MhTWbL._AC_UL320_.jpg
SSD,B07ZH2DLRB,https://www.amazon.fr/Silicon-Power-512GB-Gen3x4-Internal/dp/B07ZH2DLRB/ref=sr_1_25,False,"Silicon Power PCIe M.2 NVMe SSD 512GB Gen3x4 R/W up to 2, 200/1, 600MB/s Internal SSD","33,99 €","35,99 €",,,https://m.media-amazon.com/images/I/91RL+MhTWbL._AC_UL320_.jpg
SSD,B09SFYF4W3,https://www.amazon.fr/SSK-Externe-Portable-Memoria-Transfert/dp/B09SFYF4W3/ref=sr_1_26,False,"SSK Disque SSD Externe Portable 128 Go, USB 3.1 Gen2 (6 Gbit/s) Disque SSD Externe, USB-C Memoria externa Mini Disque SSD Portable avec Transfert de données 550 Mo/s","24,68 €","25,32 €",,,https://m.media-amazon.com/images/I/91RL+MhTWbL._AC_UL320_.jpg
SSD,B00SD9ISKY,https://www.amazon.fr/Emtec-120-Go-Power-Plus-notebook/dp/B00SD9ISKY/ref=sr_1_27_mod_primary_new,False,Emtec ECSSD240GX150 - Disque SSDInterne - 2.5'' - SATA - Collection X150 Power Plus - 3D NAND - 240 GB,"22,39 €","39,90 €",,,https://m.media-amazon.com/images/I/91RL+MhTWbL._AC_UL320_.jpg
SSD,B09ZYQ84CM,https://www.amazon.fr/SA510-Vitesse-Lecture-allant-jusqu%C3%A0/dp/B09ZYQ84CM/ref=sr_1_28,False,"WD Blue SA510 1 to 2.5"" SATA SSD avec Une Vitesse de Lecture allant jusqu'à 560 Mo/s","77,72 €","85,62 €",,,https://m.media-amazon.com/images/I/91RL+MhTWbL._AC_UL320_.jpg
SSD,B0BKZWGLCV,https://www.amazon.fr/External-Portable-Compatible-Windows-Android/dp/B0BKZWGLCV/ref=sr_1_29,False,"16 to External Solid State Drive Portable SSD USB 3.1/USB-C External SSD HDD Compatible avec Mac/Windows/Linux/Android/Desktop/MacBook (16 to, Noir)","48,05 €","89,99 €",,,https://m.media-amazon.com/images/I/91RL+MhTWbL._AC_UL320_.jpg
SSD,B0BFR9QFQM,https://www.amazon.fr/Lexar-NM610PRO-Interne-%C3%A9criture-Notebook/dp/B0BFR9QFQM/ref=sr_1_30,False,"Lexar NM610PRO 2To SSD, M.2 2280 PCIe Gen3x4 NVMe 1.4 SSD Interne, Jusqu'à 3300 Mo/s en Lecture, 2600 Mo/s en écriture, 3D NAND Flash Disques SSD Interne pour Notebook, Desktop, PC","119,99 €","129,99 €",,,https://m.media-amazon.com/images/I/91RL+MhTWbL._AC_UL320_.jpg
SSD,B07V9L4YYT,https://www.amazon.fr/Intenso-internes-SATA-Performance-520Mo/dp/B07V9L4YYT/ref=sr_1_31,False,"Intenso Disque Dur SSD 2,5"" 1To (1000Go) S-ATA III","50,90 €","56,90 €",,,https://m.media-amazon.com/images/I/91RL+MhTWbL._AC_UL320_.jpg
SSD,B0BFD85HP3,https://www.amazon.fr/YUCUN-Flash-Pouces-Disque-512GB/dp/B0BFD85HP3/ref=sr_1_32,False,"YUCUN 3D NAND Flash 512 Go 2,5 Pouces SATA III Disque Flash SSD 512GB SSD","30,49 €","31,89 €",,,https://m.media-amazon.com/images/I/91RL+MhTWbL._AC_UL320_.jpg
SSD,B09HKG6SDF,https://www.amazon.fr/SN570-High-Performance-vitesse-lecture-jusqu%C3%A0/dp/B09HKG6SDF/ref=sr_1_33,False,"WD Blue SN570 500GB High-Performance M.2 PCIe NVMe SSD, avec vitesse de lecture jusqu'à 3500 Mo/s","39,99 €","56,99 €",,,https://m.media-amazon.com/images/I/91RL+MhTWbL._AC_UL320_.jpg
SSD,B00595U13M,https://www.amazon.fr/PNY-Performance-PSSD2S120GMBX-Disque-interne/dp/B00595U13M/ref=sr_1_34,False,"PNY SSD Série Performance PSSD2S120GMBX Disque flash interne 2,5"" SATA II 120 Go","15 172,58 €",,,,https://m.media-amazon.com/images/I/91RL+MhTWbL._AC_UL320_.jpg
SSD,B0B9BL9T4H,https://www.amazon.fr/Crucial-BX500-2-5-inch-Drive-Black/dp/B0B9BL9T4H/ref=sr_1_35_mod_primary_new,False,"Crucial BX500 3D NAND SATA 2.5-inch SSD Drive, 500 GB Black","37,98 €","38,99 €",,,https://m.media-amazon.com/images/I/91RL+MhTWbL._AC_UL320_.jpg
SSD,B09DVQQL9G,https://www.amazon.fr/Green-SN350-NVMe-SSD-poss%C3%A9dant/dp/B09DVQQL9G/ref=sr_1_36,False,"WD Green SN350 1 To, NVMe SSD - Gen3 PCIe, QLC, M.2 2280, possédant une vitesse de lecture de 3,200 Mo/s","69,99 €","98,99 €",,,https://m.media-amazon.com/images/I/91RL+MhTWbL._AC_UL320_.jpg
SSD,B0B25NTRGD,https://www.amazon.fr/Crucial-Plus-500Go-CT500P3PSSD8-Jusqu%C3%A0/dp/B0B25NTRGD/ref=sr_1_37_mod_primary_new,False,Crucial P3 Plus 500Go M.2 PCIe Gen4 NVMe SSD interne - Jusqu’à 5000Mo/s - CT500P3PSSD8,"51,05 €","66,99 €",,,https://m.media-amazon.com/images/I/91RL+MhTWbL._AC_UL320_.jpg
SSD,B0BNLM3KXX,https://www.amazon.fr/Portable-External-Compatible-ordinateur-portable/dp/B0BNLM3KXX/ref=sr_1_38,False,"16 To Portable SSD External Solid State Drive USB 3.1 USB-C Disque dur externe SSD Compatible avec bureau, ordinateur portable, Mac, Windows, Linux,Android,3 ans Warranty (16 TB, noir)","89,99 €",,,,https://m.media-amazon.com/images/I/91RL+MhTWbL._AC_UL320_.jpg
SSD,B09TN1VKZL,https://www.amazon.fr/Western-Digital-480GB-Green-SATA/dp/B09TN1VKZL/ref=sr_1_39_mod_primary_new,False,Western Digital 480GB Green SSD 2.5 in 7MM SATA III 6GB/S,"37,45 €","43,90 €",,,https://m.media-amazon.com/images/I/91RL+MhTWbL._AC_UL320_.jpg
SSD,B0BMFPL2G4,https://www.amazon.fr/YUCUN-NAND-Flash-Pouces-Disque/dp/B0BMFPL2G4/ref=sr_1_40,False,"YUCUN 3D NAND Flash 2To 2,5 Pouces SATA III Disque Flash SSD 2TB SSD","104,99 €",,,,https://m.media-amazon.com/images/I/91RL+MhTWbL._AC_UL320_.jpg
SSD,B004Y0NAYU,https://www.amazon.fr/Super-Talent-Solid-State-Drive/dp/B004Y0NAYU/ref=sr_1_41,False,Super Talent Disque Dur SSD 2 to GS PCIe MLC Raid,"5 928,77 €",,,,https://m.media-amazon.com/images/I/91RL+MhTWbL._AC_UL320_.jpg
SSD,B08F58NJFB,https://www.amazon.fr/BAITITON-Pouces-Interne-Lecture-Ecriture/dp/B08F58NJFB/ref=sr_1_42,False,"BAITITON 2,5 Pouces SATA III Disque Flash SSD 256 Go Interne Solid State Drive Lecture 550Mo/s Ecriture 530Mo/s 256GB","19,99 €","20,89 €",,,https://m.media-amazon.com/images/I/91RL+MhTWbL._AC_UL320_.jpg
SSD,B0BM3RZW6W,https://www.amazon.fr/fanxiang-Interne-S201-Booster-Vitesse/dp/B0BM3RZW6W/ref=sr_1_43,False,"fanxiang Disque SSD Interne S201 1To M.2 SSD 2280 SATA III 6 Go/s, Cache SLC pour Booster de Vitesse, Vitesse de Lecture jusqu'à 550 Mo/s - Compatible avec Ordinateur Portable et PC de Bureau (Noir)","56,99 €",,,,https://m.media-amazon.com/images/I/91RL+MhTWbL._AC_UL320_.jpg
SSD,B07YD5TK4F,https://www.amazon.fr/Crucial-CT1000X8SSD9-1To-Portable-USB/dp/B07YD5TK4F/ref=sr_1_44,False,Crucial X8 1To SSD Portable - Jusqu’à 1050Mo/s - PC et Mac - Disque SSD externe USB 3.2 - CT1000X8SSD9,"94,37 €","139,99 €",,,https://m.media-amazon.com/images/I/91RL+MhTWbL._AC_UL320_.jpg
SSD,B01N3380LJ,https://www.amazon.fr/Silicon-Power-120-Go-Interne-Sp120gbss3s55s25ac/dp/B01N3380LJ/ref=sr_1_45,False,"Silicon Power 120 Go S55 6,3 cm SATA III TLC Interne Solid State Drive SSD Modèle Sp120gbss3s55s25ac",,,,,https://m.media-amazon.com/images/I/91RL+MhTWbL._AC_UL320_.jpg
SSD,B0B7CKVCCV,https://www.amazon.fr/WD_BLACK-SN850X-2280-gaming-jusqu%C3%A0/dp/B0B7CKVCCV/ref=sr_1_46,False,WD_BLACK SN850X 1To M.2 2280 PCIe Gen4 NVMe SSD pour le gaming jusqu'à 7300 Mo/s,"125,90 €","189,99 €",,,https://m.media-amazon.com/images/I/91RL+MhTWbL._AC_UL320_.jpg
SSD,B08W1F8YGJ,https://www.amazon.fr/Crucial-CT500X6SSD9-500Go-Portable-SSD/dp/B08W1F8YGJ/ref=sr_1_47,False,Crucial X6 500Go Portable SSD - Jusqu’à 540Mo/s - PC et Mac - USB 3.2 USB-C Externe SSD - CT500X6SSD9,"59,68 €","84,99 €",,,https://m.media-amazon.com/images/I/91RL+MhTWbL._AC_UL320_.jpg
SSD,B07J2BJX8V,https://www.amazon.fr/Seagate-Nytro-3330-Disque-15360/dp/B07J2BJX8V/ref=sr_1_48,False,"Seagate 15,36 to Nytro 3330 - Endurance à l'échelle","6 489,95 €",,,,https://m.media-amazon.com/images/I/91RL+MhTWbL._AC_UL320_.jpg
SSD,B08RVC6F9Y,https://www.amazon.fr/Sabrent-Bo%C3%AEtier-Type-C-pour-PCIe/dp/B08RVC6F9Y/ref=sr_1_97,False,"SABRENT USB-C Boîtier NVMe SSD M.2, Adaptateur Externe USB 3.2 Gen2 10Gbps, Aluminium Boîtier Disque Dur pour PCIe, M.2 SATA, M Key/M+B Key 2230/2242/2260/2280, SSD Enclosure Case sans Outil, EC-SNVE","36,99 €","49,99 €",,,https://m.media-amazon.com/images/I/81zWiSRTPeL._AC_UL320_.jpg
SSD,B07WCM8CVG,https://www.amazon.fr/Dogfish-Unidad-Incorporada-Incluye-2-5-SATA3/dp/B07WCM8CVG/ref=sr_1_98,False,"Dogfish SSD 64Go SATA3 2.5 inch Unidad De Estado Sólido Incorporada 7MM Height High Speed Incluye SSD 32Go 60Go 64Go 120Go 128Go 240Go 250Go 480Go 500Go 1To (64Go, 2.5''-SATA3)","22,00 €",,,,https://m.media-amazon.com/images/I/81zWiSRTPeL._AC_UL320_.jpg
SSD,B0B9855VGS,https://www.amazon.fr/SolidigmTM-Plus-PCIe-Disque-Interne/dp/B0B9855VGS/ref=sr_1_99,False,"Solidigm™ P41 Plus Series 2TB PCIe GEN 4 NVMe 4.0 x4 M.2 2280 3D NAND Disque SSD Interne (2 to, M.2 80 mm, PCIe 4.0 x4)","152,87 €",,,,https://m.media-amazon.com/images/I/81zWiSRTPeL._AC_UL320_.jpg
SSD,B09P5BTJTJ,https://www.amazon.fr/Disque-Integral-Gen3x4-R-3450-W-2400/dp/B09P5BTJTJ/ref=sr_1_100,False,Integral Disque SSD 500 Go TLC M1 NVME M.2 2280 PCIe Gen3x4 R-3450 Mo/s W-2400 Mo/s,"36,82 €","40,08 €",,,https://m.media-amazon.com/images/I/81zWiSRTPeL._AC_UL320_.jpg
SSD,B0BQG58F34,https://www.amazon.fr/Sabrent-Compatible-Ordinateurs-Portables-SB-2130-256GB/dp/B0BQG58F34/ref=sr_1_101,False,"Sabrent 2230 M.2 NVMe Gen4 256Go SSD Interne, 4650Mo/s Lecture, PCIe 4.0 X4 Disque SSD Interne Compatible avec Steam Deck, Surface Pro, PC, NUC et Ordinateurs Portables (SB-2130-256GB)","57,47 €",,,,https://m.media-amazon.com/images/I/81zWiSRTPeL._AC_UL320_.jpg
SSD,B0BGXY2NZ4,https://www.amazon.fr/Toshiba-Canvio-Partner-4To-Portable-2-5-HDD-externe-USB-3-2-Gen-1-compatible-Mac-et-Windows-USB-Powered/dp/B0BGXY2NZ4/ref=sr_1_102,False,"Toshiba Canvio Partner 4To Portable 2.5"" HDD externe, USB 3.2 Gen 1, compatible Mac et Windows, USB Powered","110,99 €",,,,https://m.media-amazon.com/images/I/81zWiSRTPeL._AC_UL320_.jpg
SSD,B07ZG577VZ,https://www.amazon.fr/Kingston-Technology-SKC600B-256G-Chiffrement/dp/B07ZG577VZ/ref=sr_1_103,False,"Kingston KC600 SSD SKC600B/256G SSD Interne 2.5"" SATA Rev 3.0, 3D TLC, Chiffrement XTS-AES 256 bits - Kit de mise à niveau pour PC fixe/portable","56,27 €",,,,https://m.media-amazon.com/images/I/81zWiSRTPeL._AC_UL320_.jpg
SSD,B09WDHD5QD,https://www.amazon.fr/Interne-Compatible-Ordinateurs-Portables-Bliksem/dp/B09WDHD5QD/ref=sr_1_104,False,"Bliksem SSD 120Go SATA Ⅲ 6Go/s 2,5"" Disque Interne SSD 3D NAND Jusqu’à 520 Mo/s，Compatible avec Les Ordinateurs Portables Et Les Ordinateurs De Bureau H650 (Noir 120Go","14,49 €","16,49 €",,,https://m.media-amazon.com/images/I/81zWiSRTPeL._AC_UL320_.jpg
SSD,B08PHSVW7K,https://www.amazon.fr/WD_BLACK-Interne-Dissipateur-Thermique-Technologie/dp/B08PHSVW7K/ref=sr_1_105,False,"WD_BLACK SN850 1 To - SSD NVMe Gaming avec dissipateur thermique – Fonctionne avec PS5; M.2 2280; Technologie PCIe Gen4, jusqu’à 7000 Mo/s en lecture","164,54 €","169,26 €",,,https://m.media-amazon.com/images/I/81zWiSRTPeL._AC_UL320_.jpg
SSD,B09KY7PMCS,https://www.amazon.fr/Patriot-P310-240Go-Basse-Consommation/dp/B09KY7PMCS/ref=sr_1_106,False,Patriot P310 M.2 PCIe Gen 3 x4 240Go SSD a Basse Consommation - P310P240GM28,"23,49 €","33,99 €",,,https://m.media-amazon.com/images/I/81zWiSRTPeL._AC_UL320_.jpg
SSD,B0BG212RYG,https://www.amazon.fr/Sxdluzi-Bo%C3%AETier-Adaptateur-Double-Protocole/dp/B0BG212RYG/ref=sr_1_107,False,Sxdluzi BoîTier SSD M2 BoîTier NVME Adaptateur SSD M.2 vers USB pour NVME PCIE NGFF SATA M + Clé B 2230/2242/2260/2280 Double Protocole (B),"25,65 €","26,72 €",,,https://m.media-amazon.com/images/I/81zWiSRTPeL._AC_UL320_.jpg
SSD,B091BCQK7B,https://www.amazon.fr/Kingston-NVMe-PCIe-500GB-2280/dp/B091BCQK7B/ref=sr_1_108,False,Kingston NV1 NVMe PCIe SSD 500GB M.2 2280 - SNVS/500G Noir,"54,00 €","73,99 €",,,https://m.media-amazon.com/images/I/81zWiSRTPeL._AC_UL320_.jpg
SSD,B00JTNZP0Y,https://www.amazon.fr/Transcend-TS0GSJ25S3-Bo%C3%AEtier-pour-Disque/dp/B00JTNZP0Y/ref=sr_1_109,False,"Transcend Boîtier SSD/HDD 2.5"" SATA III USB 3.1 Gen 1 TS0GSJ25S3","18,99 €","20,49 €",,,https://m.media-amazon.com/images/I/81zWiSRTPeL._AC_UL320_.jpg
SSD,B07SSDJHWY,https://www.amazon.fr/HP-6MC15AA-ABB-SSD-S700/dp/B07SSDJHWY/ref=sr_1_110_mod_primary_new,False,HP SSD 1TB S700,"71,65 €","124,99 €",,,https://m.media-amazon.com/images/I/81zWiSRTPeL._AC_UL320_.jpg
SSD,B0BM4B1XJS,https://www.amazon.fr/JUANWE-Interne-Compatible-Ordinateurs-Portables/dp/B0BM4B1XJS/ref=sr_1_111,False,"JUANWE 256Go Disque Dur SSD Interne SATA III 2,5'' 3D NAND, Vitesse de Lecture jusqu'à 500 Mo/s, Compatible avec Ordinateurs Portables et Ordinateurs de Bureau","21,99 €",,,,https://m.media-amazon.com/images/I/81zWiSRTPeL._AC_UL320_.jpg
SSD,B0B6G51DJD,https://www.amazon.fr/Seagate-FireCuda-4e-g%C3%A9n%C3%A9ration-NVMe-1-4-ZP2000GM3A013/dp/B0B6G51DJD/ref=sr_1_112,False,"Disque dur externe Seagate Ghost-Spider Special Edition FireCuda 2 To, USB 3.2 1re génération, voyants LED RVB personnalisables roses avec services Rescue (STKL2000419)","101,99 €","136,83 €",,,https://m.media-amazon.com/images/I/81zWiSRTPeL._AC_UL320_.jpg
SSD,B0B2VN78JK,https://www.amazon.fr/ORICO-Adaptateur-bo%C3%AEtier-Aluminium-Bo%C3%AEtier/dp/B0B2VN78JK/ref=sr_1_113,False,ORICO Adaptateur de boîtier M.2 SATA SSD USB C 3.2 Gen1 6 Gbps Solid State Drive Aluminium Boîtier M2 Externe Support UASP pour B-Key B+M Key SATA NGFF SSD 2230/2242/2260/2280 (jusqu'à 4 To),"25,99 €",,,,https://m.media-amazon.com/images/I/81zWiSRTPeL._AC_UL320_.jpg
SSD,B07QYV2699,https://www.amazon.fr/Magix-Alpha-500Mb-Internal-120GB/dp/B07QYV2699/ref=sr_1_114,False,"Magix SSD Alpha EVO , SATA III 2,5"" 6 Gbps , Vitesses de lecture/écriture allant jusqu'à 500/490 Mo/s , 3D NAND MLC/TLC , Interne (120Go)","16,45 €","19,94 €",,,https://m.media-amazon.com/images/I/81zWiSRTPeL._AC_UL320_.jpg
SSD,B00S6AO16K,https://www.amazon.fr/Cablecc-bo%C3%AEtier-convertisseur-adaptateur-Samsung/dp/B00S6AO16K/ref=sr_1_115,False,"Mini PCI-E mSATA SSD à 2.5"" SATA Hard Disk Enclosure Case Converter Adaptateur pour Intel Samsung ASUS SSD","12,27 €",,,,https://m.media-amazon.com/images/I/81zWiSRTPeL._AC_UL320_.jpg
SSD,B078C515QL,https://www.amazon.fr/Crucial-CT2000MX500SSD1-Interne-MX500-Pouces/dp/B078C515QL/ref=sr_1_116,False,"Crucial 2To CT2000MX500SSD1(Z) SSD interne MX500-jusqu’à 560 Mo/s (3D NAND, SATA, 2,5 pouces)","189,95 €",,,,https://m.media-amazon.com/images/I/81zWiSRTPeL._AC_UL320_.jpg
SSD,B07JBQZ2MG,https://www.amazon.fr/INTEL-Memory-660P-1-0TB-80MM/dp/B07JBQZ2MG/ref=sr_1_117,False,Intel - SSD & Memory 660P Series 1.0TB M.2 80MM,"71,26 €","121,45 €",,,https://m.media-amazon.com/images/I/81zWiSRTPeL._AC_UL320_.jpg
SSD,B083NRJQP8,https://www.amazon.fr/INDMEM-Interne-MacBook-2013-2017-2013-2015/dp/B083NRJQP8/ref=sr_1_118,False,"INDMEM NVMe PCIe SSD pour MacBook Air 2013-2017, MacBook Pro Retina 2013-2015, iMac 2013-2017, Mac Pro 2013, Mac Mini 2014 (mise à jour sur macOS 10.13 ou supérieur)","139,99 €",,,,https://m.media-amazon.com/images/I/81zWiSRTPeL._AC_UL320_.jpg
SSD,B0BPMG8ZPQ,https://www.amazon.fr/Integral-1TB-SSD-SATA-Plus/dp/B0BPMG8ZPQ/ref=sr_1_119,False,Integral 1TB SSD 2.5'' SATA III V Series 2 Plus,"62,49 €",,,,https://m.media-amazon.com/images/I/81zWiSRTPeL._AC_UL320_.jpg
SSD,B0764WCXCV,https://www.amazon.fr/Crucial-CT250MX500SSD1-Interne-MX500-Pouces/dp/B0764WCXCV/ref=sr_1_120,False,"Crucial 250Go CT250MX500SSD1(Z) SSD interne MX500-jusqu’à 560 Mo/s (3D NAND, SATA, 2,5 pouces)",,,,,https://m.media-amazon.com/images/I/81zWiSRTPeL._AC_UL320_.jpg
SSD,B07WXHH8B3,https://www.amazon.fr/Integral-Disque-interne-vitesse-Interface/dp/B07WXHH8B3/ref=sr_1_121_mod_primary_new,False,"Integral SSD 240 Go Serie C1 Disque interne haute vitesse 2, 5"" Interface SATA III Jusqu'à 6GB/s - Compatible PC/Mac","28,22 €",,,,https://m.media-amazon.com/images/I/81zWiSRTPeL._AC_UL320_.jpg
SSD,B0BJKVMDNP,https://www.amazon.fr/Corsair-MP600-Disque-NVMe-PCIe/dp/B0BJKVMDNP/ref=sr_1_122_mod_primary_new,False,Corsair MP600 GS 500 Go Disque SSD M.2 NVMe PCIe Gen4 x4 - Mémoire Haute Densité TLC NAND - M.2 2280 - Compatible DirectStorage - Jusqu’à 4 800 Mo/s – pour Les Ordinateurs Portables PCIe 4.0 - Noir,"63,88 €","67,04 €",,,https://m.media-amazon.com/images/I/81zWiSRTPeL._AC_UL320_.jpg
SSD,B07CXC32T2,https://www.amazon.fr/Transcend-interne-PCIe-NVMe-TS128GMTE110S/dp/B07CXC32T2/ref=sr_1_123,False,SSD interne 128 Go M.2 PCIe NVMe - 2280 - 3D NAND - MTE110S - TS128GMTE110S,"24,99 €",,,,https://m.media-amazon.com/images/I/81zWiSRTPeL._AC_UL320_.jpg
SSD,B07YFGQLYK,https://www.amazon.fr/Western-Digital-Rouge-500-SATA/dp/B07YFGQLYK/ref=sr_1_124,False,"WD Rouge 500Go NAS SSD 2.5"" SATA","59,99 €","65,86 €",,,https://m.media-amazon.com/images/I/81zWiSRTPeL._AC_UL320_.jpg
SSD,B09M8PRGPT,https://www.amazon.fr/Corsair-Force-Gen-4-MP600-NVMe/dp/B09M8PRGPT/ref=sr_1_125,False,Corsair Force Series Gen.4 MP600 1TB NVMe PCIe M.2 SSD Noir,"107,88 €","182,20 €",,,https://m.media-amazon.com/images/I/81zWiSRTPeL._AC_UL320_.jpg
SSD,B074W7TDPR,https://www.amazon.fr/Transcend-Solid-State-Drive-1/dp/B074W7TDPR/ref=sr_1_126,False,Transcend 1To SATA III 6Gb/s SSD230S 2.5” Solid State Drive TS1TSSD230S,"80,80 €","129,99 €",,,https://m.media-amazon.com/images/I/81zWiSRTPeL._AC_UL320_.jpg
SSD,B091H1KB3Q,https://www.amazon.fr/GamerKing-Interne-Performance-Ordinateur-Portable/dp/B091H1KB3Q/ref=sr_1_127,False,"GamerKing Disque SSD M.2 2242 64Go Interne Disque Dur 1to 512go 256go 128go Haute Performance pour Ordinateur Portable SATA III 6Gb / s Le Bureau (64Go, M.2 2242)","21,34 €","21,34 €",,,https://m.media-amazon.com/images/I/81zWiSRTPeL._AC_UL320_.jpg
SSD,B07SGBJK7H,https://www.amazon.fr/Silicon-Power-Cache-Performance-Internal/dp/B07SGBJK7H/ref=sr_1_128,False,"Silicon Power SSD 2TB 3D NAND A55 SLC Cache Performance Boost 2.5 inch SATA III 7mm (0.28"") Internal Solid State Drive","109,99 €","114,99 €",,,https://m.media-amazon.com/images/I/81zWiSRTPeL._AC_UL320_.jpg
SSD,B07P7FPBZ5,https://www.amazon.fr/Silicon-Power-512GB-NVMe-PCIe-Gen3x4-jusqu%C3%A0/dp/B07P7FPBZ5/ref=sr_1_129,False,"Silicon Power 512GB-NVMe-PCIe Gen3x4 M.2 2280 R/W jusqu'à 3, 400/2, 300 Mo/s SSD","42,99 €","49,99 €",,,https://m.media-amazon.com/images/I/81zWiSRTPeL._AC_UL320_.jpg
SSD,B09MG41W7Q,https://www.amazon.fr/Integral-Disque-Gen3x4-R-2000-W-1200/dp/B09MG41W7Q/ref=sr_1_130,False,Integral Disque SSD 250GB SSD M.2 2280 NVME 1.2 PCIe Gen3x4 R-2000MB/s W-1200MB/s M1,"26,89 €",,,,https://m.media-amazon.com/images/I/81zWiSRTPeL._AC_UL320_.jpg
SSD,B08LSYLC65,https://www.amazon.fr/SANDISK-Black-sn850-nvme-500gb/dp/B08LSYLC65/ref=sr_1_131,False,"WD Black SN850 M.2 NVMe SSD, PCIe Gen 4.0, 500 Go, jusqu'à 7 000 Mo/s en Lecture et 4 100 Mo/s en écriture","119,99 €",,,,https://m.media-amazon.com/images/I/81zWiSRTPeL._AC_UL320_.jpg
SSD,B093QL56WR,https://www.amazon.fr/Western-Digital-Green-240G-SN350/dp/B093QL56WR/ref=sr_1_132,False,Western Digital SSD Green 240G *SN350,"31,99 €","36,27 €",,,https://m.media-amazon.com/images/I/81zWiSRTPeL._AC_UL320_.jpg
SSD,B0B5Q9YBM6,https://www.amazon.fr/Hikvision-Portable-R%C3%A9sistant-Poussi%C3%A8re-T%C3%A9l%C3%A9phone/dp/B0B5Q9YBM6/ref=sr_1_133,False,"Hikvision Disque Dur Externe 1To, 2.5"" Portable HDD USB-C, USB 3.1, Résistant Aux Chutes, à la Pluie, à la Poussière, avec USB-C C-C, Robuste et Durable HDD pour Mac/PC/PS4/Xbox/Téléphone - S30","64,98 €",,,,https://m.media-amazon.com/images/I/81zWiSRTPeL._AC_UL320_.jpg
SSD,B08T1TWQS9,https://www.amazon.fr/Samsung-MZ-77E250-Disque-interne-SATA/dp/B08T1TWQS9/ref=sr_1_134,False,Samsung 870 EVO Disque SSD interne SATA 250 Go (MZ-77E250),"50,94 €","59,95 €",,,https://m.media-amazon.com/images/I/81zWiSRTPeL._AC_UL320_.jpg
SSD,B09DCK767L,https://www.amazon.fr/Netac-Disques-Internes-Pouces-Argent/dp/B09DCK767L/ref=sr_1_135,False,"Netac SSD 2.5 Pouces 128Go, Disque Dur Interne SSD Sata 3.0 (N530S Gris Argent 3D Nand)","18,99 €","24,99 €",,,https://m.media-amazon.com/images/I/81zWiSRTPeL._AC_UL320_.jpg
SSD,B09GRQGDQH,https://www.amazon.fr/Systor-Duplicateur-NVMe-SATA-SYSNVME-HC405/dp/B09GRQGDQH/ref=sr_1_136,False,"Systor Duplicateur NVMe/SATA 1 à 5 M.2 – 24 Go/min – Copieur autonome et effaceur/désinfectant pour plusieurs PCIe M2, disque dur 2,5"" et disques SSD SSD SSD (SYSNVME-HC405)","7 400,00 €",,,,https://m.media-amazon.com/images/I/81zWiSRTPeL._AC_UL320_.jpg
SSD,B09FLQM6Q7,https://www.amazon.fr/WAVLINK-Adaptateur-vers-SATA-pour/dp/B09FLQM6Q7/ref=sr_1_137,False,"WAVLINK - Adaptateur USB 3.0 vers SATA pour SSD 2,5"" et HDD - Câble USB vers SATA - Adaptateur fixe, 2,5""","12,99 €",,,,https://m.media-amazon.com/images/I/81zWiSRTPeL._AC_UL320_.jpg
SSD,B0BFDKPWPR,https://www.amazon.fr/Corsair-MP600-Gen4-PCIe-NVMe/dp/B0BFDKPWPR/ref=sr_1_138,False,"Corsair MP600 Pro XT 8 to Gen4 PCIe x4 NVMe M.2 SSD - Vitesses de Lecture allant Jusqu’à 7 000 Mo/s et d’écriture allant 6 100 Mo/s, TLC NAND Haute Densité, Dissipateur Thermique en Aluminium - Noir","1 279,98 €","1 389,00 €",,,https://m.media-amazon.com/images/I/81zWiSRTPeL._AC_UL320_.jpg
SSD,B07CQPFLY1,https://www.amazon.fr/Intenso-Deal-Mouse-Pouces-256-Go/dp/B07CQPFLY1/ref=sr_1_139,False,Intenso SSD 256GB Top Performance,"27,97 €",,,,https://m.media-amazon.com/images/I/81zWiSRTPeL._AC_UL320_.jpg
SSD,B00D1E6RMW,https://www.amazon.fr/Intenso-Performance-Disque-Flash-Interne/dp/B00D1E6RMW/ref=sr_1_140,False,"Intenso SSD interne 512 Go, Top Performance, 2,5"" (6,3cm), Sata III, noir","36,02 €","54,02 €",,,https://m.media-amazon.com/images/I/81zWiSRTPeL._AC_UL320_.jpg
SSD,B07G3KRZBX,https://www.amazon.fr/Crucial-CT240BX500SSD1-Interne-BX500-Pouces/dp/B07G3KRZBX/ref=sr_1_141,False,"Crucial BX500 240Go CT240BX500SSD1(Z) SSD Interne-jusqu’à 540 MB/s (3D NAND, SATA, 2,5 pouces)",,,,,https://m.media-amazon.com/images/I/81zWiSRTPeL._AC_UL320_.jpg
SSD,B07Q43Y274,https://www.amazon.fr/Gigastone-N-A-SSD-256/dp/B07Q43Y274/ref=sr_1_142,False,"Gigastone 256 Go Game Turbo SSD Interne 2.5〞Disque Dur SSD SATA III 6 Go/s. 3D NAND Flash, Haute Vitesse de Lecture jusqu'à 520 Mo/s. pour PS4, PC, Ordinateur Portable et Laptop","28,99 €","29,99 €",,,https://m.media-amazon.com/images/I/81zWiSRTPeL._AC_UL320_.jpg
SSD,B01D3ACIR6,https://www.amazon.fr/Intenso-Interne-240Go-High-Performance/dp/B01D3ACIR6/ref=sr_1_143,False,"Intenso SSD interne 240Go, High Performance, 2,5"""" (6,3cm), Sata III, 500 Mo/s, noir","25,27 €",,,,https://m.media-amazon.com/images/I/81zWiSRTPeL._AC_UL320_.jpg
SSD,B00J42AFUA,https://www.amazon.fr/OWC-OWCDIDIMacHDD11-C%C3%A2ble-SATA-Disque/dp/B00J42AFUA/ref=sr_1_144,False,"OWC Câble de Mise à Niveau HDD pour capteur Thermique numérique en Ligne pour iMac 2011, (OWCDIDIMACHDD11)","44,92 €",,,,https://m.media-amazon.com/images/I/81zWiSRTPeL._AC_UL320_.jpg
SSD,B08W1F8YGJ,https://www.amazon.fr/Crucial-CT500X6SSD9-500Go-Portable-SSD/dp/B08W1F8YGJ/ref=sr_1_49,False,Crucial X6 500Go Portable SSD - Jusqu’à 540Mo/s - PC et Mac - USB 3.2 USB-C Externe SSD - CT500X6SSD9,"59,68 €","84,99 €",,,https://m.media-amazon.com/images/I/41ScdJOrhWL._AC_UL320_.jpg
SSD,B07J2BJX8V,https://www.amazon.fr/Seagate-Nytro-3330-Disque-15360/dp/B07J2BJX8V/ref=sr_1_50,False,"Seagate 15,36 to Nytro 3330 - Endurance à l'échelle","6 489,95 €",,,,https://m.media-amazon.com/images/I/41ScdJOrhWL._AC_UL320_.jpg
SSD,B09TMZ1MF8,https://www.amazon.fr/Western-Digital-240GB-Green-SATA/dp/B09TMZ1MF8/ref=sr_1_51,False,Western Digital 240GB Green SSD 2.5 in 7MM SATA III 6GB/S,"23,78 €",,,,https://m.media-amazon.com/images/I/41ScdJOrhWL._AC_UL320_.jpg
SSD,B08W31HYVC,https://www.amazon.fr/PNY-CS1030-M280CS1030-250-RB-Disque-interne/dp/B08W31HYVC/ref=sr_1_52,False,"PNY CS1030 250GB M.2 NVMe PCIe Gen3 x4, 2500MB/s Vitesse de Lecture, 1100MB/s Vitesse d'écriture Internal Solid State Drive (SSD)","24,99 €",,,,https://m.media-amazon.com/images/I/41ScdJOrhWL._AC_UL320_.jpg
SSD,B07ZH6QR8Q,https://www.amazon.fr/Silicon-Power-256GB-Gen3x4-Internal/dp/B07ZH6QR8Q/ref=sr_1_53,False,"Silicon Power PCIe M.2 NVMe SSD 256GB Gen3x4 R/W up to 2, 100/1, 200MB/s Internal SSD","22,99 €","23,99 €",,,https://m.media-amazon.com/images/I/41ScdJOrhWL._AC_UL320_.jpg
SSD,B07XFGPFZK,https://www.amazon.fr/Sabrent-interne-Rocket-performance-ROCKET-NVMe4-500/dp/B07XFGPFZK/ref=sr_1_54,False,"Sabrent M.2 NVMe SSD 500Go Gen4, SSD Interne 5000Mo/s en Lecture, PCIe M2 4.0 2280, Disque Dur Interne Haute Performance, Compatible avec Les PC, Laptops and Desktops, NUC, TLC Nand (SB-RKTQ4-500)","61,75 €",,,,https://m.media-amazon.com/images/I/41ScdJOrhWL._AC_UL320_.jpg
SSD,B07P8462PM,https://www.amazon.fr/BAITITON-Pouces-Disque-Flash-Interne/dp/B07P8462PM/ref=sr_1_55,False,"BAITITON 2,5 Pouces SATA III Disque Flash SSD 480 Go Interne Solid State Drive 480GB","29,79 €","31,59 €",,,https://m.media-amazon.com/images/I/41ScdJOrhWL._AC_UL320_.jpg
SSD,B07G78QQFX,https://www.amazon.fr/Integral-INSSD480GS625V2-Inssd480gs625-V2-480-Go-SSD/dp/B07G78QQFX/ref=sr_1_56,False,"Integral V Série 2 480 Go SATA III 2.5 Internal SSD, jusqu'à 520 Mo/s Lecture 470 Mo/s Écriture","28,72 €","36,66 €",,,https://m.media-amazon.com/images/I/41ScdJOrhWL._AC_UL320_.jpg
SSD,B086BKGSC1,https://www.amazon.fr/Crucial-CT250P2SSD8-Interne-Vitesses-atteignant/dp/B086BKGSC1/ref=sr_1_57,False,"Crucial P2 CT250P2SSD8 SSD Interne 250Go, Vitesses atteignant 2400 Mo/s (3D NAND, NVMe, PCIe, M.2)","39,59 €","43,19 €",,,https://m.media-amazon.com/images/I/41ScdJOrhWL._AC_UL320_.jpg
SSD,B0B55TQMFJ,https://www.amazon.fr/S500-Pro-thermique-compatible-ordinateurs/dp/B0B55TQMFJ/ref=sr_1_58,False,"Fanxiang S500 Pro 1To NVMe SSD M.2 PCIe Gen3x4 2280 SSD intégré, pâte thermique graphène, SLC cache 3D NAND TLC, jusqu'à 3500Mo/s,compatible avec les ordinateurs portables et les ordinateurs de bureau","69,99 €",,,,https://m.media-amazon.com/images/I/41ScdJOrhWL._AC_UL320_.jpg
SSD,B00IY73A6W,https://www.amazon.fr/IBM-00-aj222-SAS-MLC-SSD-interne/dp/B00IY73A6W/ref=sr_1_59,False,"IBM 00 aj222 SAS MLC SSD Interne 1 1,6tb 6,35 cm (6,3 cm)","10 740,41 €",,,,https://m.media-amazon.com/images/I/41ScdJOrhWL._AC_UL320_.jpg
SSD,B09QVPCJN2,https://www.amazon.fr/WD_Black-SN770-Vitesse-Lecture-Jusqu%C3%A0/dp/B09QVPCJN2/ref=sr_1_60,False,WD_Black SN770 SSD de Jeu M.2 2280 PCIe Gen4 NVMe jusqu'à 5000 Mo/s de Lecture,"64,99 €","67,83 €",,,https://m.media-amazon.com/images/I/41ScdJOrhWL._AC_UL320_.jpg
SSD,B07ZHG8KZ1,https://www.amazon.fr/Silicon-Power-Gen3x4-600MB-Internal/dp/B07ZHG8KZ1/ref=sr_1_61,False,"Silicon Power PCIe M.2 NVMe SSD 1TB Gen3x4 R/W up to 2, 200/1, 600MB/s Internal SSD","57,99 €","60,99 €",,,https://m.media-amazon.com/images/I/41ScdJOrhWL._AC_UL320_.jpg
SSD,B0B9C3ZVHR,https://www.amazon.fr/Samsung-MZ-V9P1T0BW-Interne-Lecture-%C3%A9criture/dp/B0B9C3ZVHR/ref=sr_1_62,False,Samsung 990 Pro MZ-V9P1T0BW|Disque SSD Interne NVMe M.2|PCIe 4.0; 1 to;Lecture jusqu'à 7 450 Mo/s; écriture jusqu'à 6 900 Mo/s,"159,99 €","199,99 €",,,https://m.media-amazon.com/images/I/41ScdJOrhWL._AC_UL320_.jpg
SSD,B088TK2P15,https://www.amazon.fr/Gigastone-Disque-interne-Lecture-jusqu%C3%A0/dp/B088TK2P15/ref=sr_1_63,False,"Gigastone 1To Game Turbo SSD Interne 2.5〞 Disque Dur SSD SATA III 6 Go/s. 3D NAND Flash, Haute Vitesse de Lecture jusqu'à 560 Mo/s. pour PS4, PC, Laptop, Les Gamers et Les Professionnels","73,99 €","129,99 €",,,https://m.media-amazon.com/images/I/41ScdJOrhWL._AC_UL320_.jpg
SSD,B086F88485,https://www.amazon.fr/Disque-Interne-HIKVISION-Pouces-jusqu%C3%A0/dp/B086F88485/ref=sr_1_64,False,"Hikvision E100 SSD Interne 128Go, 2.5 Pouces, SATA III, 3D NAND jusqu'à 550 Mo/s","18,99 €",,,,https://m.media-amazon.com/images/I/41ScdJOrhWL._AC_UL320_.jpg
SSD,B0BJ29S813,https://www.amazon.fr/ORICO-Bo%C3%AEtier-Adaptateur-Externe-UASP-PWM2G2-WH/dp/B0BJ29S813/ref=sr_1_65,False,"ORICO Boîtier SSD M.2 NVMe 10Gbps USB Adaptateur Externe USB3.2/ USB3.1 Gen2 USB-C Boîtier Disque Dur pour M.2 PCIe NVME M-Key 2230/2242/2260/2280 SSD, Lecteur M2 avec UASP-PWM2G2-WH","25,99 €","25,99 €",,,https://m.media-amazon.com/images/I/41ScdJOrhWL._AC_UL320_.jpg
SSD,B0BK9YDTWD,https://www.amazon.fr/Kuesuny-Interne-Compatible-Ordinateurs-Portables/dp/B0BK9YDTWD/ref=sr_1_66,False,"Kuesuny 512TB SSD SATA III 6 GB/s Disque Dur Interne Solid State 2,5 Pouces, Vitesse de Lecture jusqu'à 560MB/s, Compatible avec Les Ordinateurs Portables et Les PC de Bureau (Noir)","34,99 €",,,,https://m.media-amazon.com/images/I/41ScdJOrhWL._AC_UL320_.jpg
SSD,B09GSZHT35,https://www.amazon.fr/Systor-NVMe-Duplicateur-SATA-SYSNVME-XW311/dp/B09GSZHT35/ref=sr_1_67,False,"Systor 1 à 11 M.2 NVMe/Duplicateur SATA – 18 Go/min – Copieur autonome et effaceur/désinfectant pour plusieurs PCIe M2, disques durs durs 2,5/3,5"" et disques SSD SSD (SYSNVME-XW311)",,,,,https://m.media-amazon.com/images/I/41ScdJOrhWL._AC_UL320_.jpg
SSD,B0BJ7BT7CT,https://www.amazon.fr/SYONCON-AP425-Interne-Compatible-Microsoft/dp/B0BJ7BT7CT/ref=sr_1_68,False,SYONCON AP425 M.2 2230 SSD NVMe PCIe Gen 3.0X4 Disque SSD Interne Compatible avec Steam Deck/Microsoft Surface Pro 8/Pro 7+/Pro X/laptop3/laptop4/laptop go/book3 (512 Go),"89,99 €",,,,https://m.media-amazon.com/images/I/41ScdJOrhWL._AC_UL320_.jpg
SSD,B0BKGFVRWM,https://www.amazon.fr/OYUNKEY-Interne-Compatible-Ordinateur-Portable/dp/B0BKGFVRWM/ref=sr_1_69,False,"OYUNKEY 1 to SSD SATA III 6 Go/S 3D TLC NAND Disque Dur Interne 2,5 Pouces Solid State Drive Vitesse de Lecture jusqu'à 550 Mo/s, Compatible avec Ordinateur Portable et Ordinateur de Bureau","56,59 €","60,99 €",,,https://m.media-amazon.com/images/I/41ScdJOrhWL._AC_UL320_.jpg
SSD,B0BNLDJJ2P,https://www.amazon.fr/G%C3%A9n%C3%A9rique-External-Photographers-Creators-Gaming-3-Years/dp/B0BNLDJJ2P/ref=sr_1_70,False,"Générique Disque Dur Externe 16 to SSD USB 3.1 USB-C External Solid State Drive SSD Great for Photographers, Content Creators and Gaming-3-Years Rescure (16 to, Bleu)","49,50 €","95,99 €",,,https://m.media-amazon.com/images/I/41ScdJOrhWL._AC_UL320_.jpg
SSD,B0971FN5MV,https://www.amazon.fr/Seagate-FireCuda-4e-g%C3%A9n%C3%A9ration-NVMe-1-4-ZP1000GM3A013/dp/B0971FN5MV/ref=sr_1_71,False,"Seagate FireCuda 530, 1 To, SSD interne, M.2 PCIe 4e génération ×4 NVMe 1.4, 7 300 Mo/s, NAND TLC 3D, 1 275 TBW, 1,8 million d'heures MTBF, pour PC, 3 ans Rescue Services (ZP1000GM3A013)","124,99 €","135,99 €",,,https://m.media-amazon.com/images/I/41ScdJOrhWL._AC_UL320_.jpg
SSD,B0739VQ723,https://www.amazon.fr/Lenovo-dcg-Storage-7-68tb-1dwd/dp/B0739VQ723/ref=sr_1_72,False,"Lenovo 01KP060 Disque SSD 2.5"" 7680 Go SAS","5 440,60 €",,,,https://m.media-amazon.com/images/I/41ScdJOrhWL._AC_UL320_.jpg
SSD,B082BJ4679,https://www.amazon.fr/Patriot-P300-512Go-Basse-Consommation/dp/B082BJ4679/ref=sr_1_73,False,Patriot P300 M.2 PCIe Gen 3 x4 512Go SSD a Basse Consommation - P300P512GM28 - Lecture Allant Jusqu’à 1700 Mo/s et des Vitesses d’Ecriture Allant usqu’à 1200 Mo/s,"35,99 €",,,,https://m.media-amazon.com/images/I/41ScdJOrhWL._AC_UL320_.jpg
SSD,B076PGM4Y5,https://www.amazon.fr/Transcend-2242-SATA-Flash-TS240GMTS420S/dp/B076PGM4Y5/ref=sr_1_74_mod_primary_new,False,Transcend 240Go SATA III 6Gb/s MTS420S 42 mm M.2 SSD 420S Solid State Drive TS240GMTS420S,"28,15 €","38,99 €",,,https://m.media-amazon.com/images/I/41ScdJOrhWL._AC_UL320_.jpg
SSD,B079JW4ZB8,https://www.amazon.fr/Silicon-Power-Ace-512Go-S%C3%A9rie/dp/B079JW4ZB8/ref=sr_1_75_mod_primary_new,False,"Silicon Power Ace A55 2.5"" 512 Go Série ATA III 3D TLC Noir","34,50 €","54,31 €",,,https://m.media-amazon.com/images/I/41ScdJOrhWL._AC_UL320_.jpg
SSD,B076Y374ZH,https://www.amazon.fr/Western-Digital-SSD-Interne-Green/dp/B076Y374ZH/ref=sr_1_76_mod_primary_new,False,"WD Green 240Go Internal SSD 2.5"" SATA","27,67 €","37,99 €",,,https://m.media-amazon.com/images/I/41ScdJOrhWL._AC_UL320_.jpg
SSD,B073SBX6TY,https://www.amazon.fr/Western-Digital-Interne-SATA-NAND/dp/B073SBX6TY/ref=sr_1_77,False,Western Digital - WD Blue SSD - SSD interne 500Go M.2 SATA 3D NAND,"74,16 €","92,99 €",,,https://m.media-amazon.com/images/I/41ScdJOrhWL._AC_UL320_.jpg
SSD,B0B6881T53,https://www.amazon.fr/fanxiang-S101-Compatible-Ordinateurs-Portables/dp/B0B6881T53/ref=sr_1_78,False,"fanxiang S101 2To SSD Disque Interne SSD SATA III 6 Go/s 2,5"" Vitesse de Lecture jusqu'à 550 Mo/Sec, Compatible avec Ordinateurs Portables et Ordinateurs de Bureau (Noir)","114,99 €",,,,https://m.media-amazon.com/images/I/41ScdJOrhWL._AC_UL320_.jpg
SSD,B072R78B6Q,https://www.amazon.fr/Disque-SanDisk-Vitesse-Lecture-SDSSDH3-500G-G25/dp/B072R78B6Q/ref=sr_1_79_mod_primary_new,False,"SanDisk Ultra 3D 500 Go disque SSD, offrant jusqu'à 560 Mo/s en vitesse de lecture / jusqu'à 530 Mo/s en vitesse d'écriture","78,49 €",,,,https://m.media-amazon.com/images/I/41ScdJOrhWL._AC_UL320_.jpg
SSD,B09Q2NCFS7,https://www.amazon.fr/Corsair-MP600-NVMe-PCIe-Gen4/dp/B09Q2NCFS7/ref=sr_1_80_mod_primary_new,False,"Corsair MP600 Pro LPX 2TB M.2 NVMe PCIe x4 Gen4 SSD - Optimisé pour La PS5 (Jusqu’à 7,100MB/sec Lecture Séquentielle Ultrarapides Allant, 6,800MB/sec D’écriture ) Noir","228,41 €",,,,https://m.media-amazon.com/images/I/41ScdJOrhWL._AC_UL320_.jpg
SSD,B08BCQQT1H,https://www.amazon.fr/Netac-interne-ordinateur-portable-tablette/dp/B08BCQQT1H/ref=sr_1_81,False,"Netac SSD 240go Disque Dur sata ssd, SSD Internes 2.5 Pouces (N530S Noir 3D Nand)","23,99 €","29,99 €",,,https://m.media-amazon.com/images/I/41ScdJOrhWL._AC_UL320_.jpg
SSD,B083ZL7JG2,https://www.amazon.fr/Verbatim-49363-Disque-SSD-Gbit/dp/B083ZL7JG2/ref=sr_1_82,False,VERBATIM Vi560 S3 M.2 SSD - SSD interne 512GB - Solid State Drive - interface SATA III M.2 - disque dur interne technologie 3D-NAND - SSD 512GB haute performance - jusqu’à 560MB/s - bleu,"47,29 €",,,,https://m.media-amazon.com/images/I/41ScdJOrhWL._AC_UL320_.jpg
SSD,B09K3H2YHX,https://www.amazon.fr/Kingston-Renegade-gamers-passionn%C3%A9s-utilisateurs/dp/B09K3H2YHX/ref=sr_1_83,False,"Kingston FURY Renegade PCIe 4.0 NVMe M.2 SSD Pour les gamers, les passionnés des PC et les utilisateurs avancés - SFYRS/1000G","103,54 €","121,25 €",,,https://m.media-amazon.com/images/I/41ScdJOrhWL._AC_UL320_.jpg
SSD,B0B7VWFN4B,https://www.amazon.fr/SanDisk-Ultra-500-SSD-jusqu%C3%A0/dp/B0B7VWFN4B/ref=sr_1_84,False,"SanDisk Ultra 500 Go 3D SSD, jusqu'à 560 Mo/s","93,68 €",,,,https://m.media-amazon.com/images/I/41ScdJOrhWL._AC_UL320_.jpg
SSD,B07GMF7GXT,https://www.amazon.fr/Transcend-TS64GMSA230S-interne-mSATA-SATA/dp/B07GMF7GXT/ref=sr_1_85,False,Transcend 64 Go SATA III 6 Go/s MSA230S mSATA SSD 230S Solid State Drive TS64GMSA230S,"22,99 €",,,,https://m.media-amazon.com/images/I/41ScdJOrhWL._AC_UL320_.jpg
SSD,B07D42SQNR,https://www.amazon.fr/Intel%C2%AE-P4600-6-4tb-2-5-3-1-x4/dp/B07D42SQNR/ref=sr_1_86,False,"Intel® SSD DC P4600 Series (6.4tb, 2.5 en PCIe 3.1 x4, 3D1, TLC)","8 250,04 €",,,,https://m.media-amazon.com/images/I/41ScdJOrhWL._AC_UL320_.jpg
SSD,B01LY4753N,https://www.amazon.fr/DIGITTRADE-hs256-S3-1TB-256-bits-datenvers-Security/dp/B01LY4753N/ref=sr_1_87,False,"Digittrade DG-HS256S3-4TBS Disque SSD 2.5"" 4000 Go Série ATA II MLC",,,,,https://m.media-amazon.com/images/I/41ScdJOrhWL._AC_UL320_.jpg
SSD,B0BN5KBT36,https://www.amazon.fr/Gigastone-Interne-Vitesse-Lecture-Professionnels/dp/B0BN5KBT36/ref=sr_1_88,False,"Gigastone 1To Game Pro SSD Interne 2.5〞 Disque Dur SSD SATA III 6 Go/s. 3D NAND Flash, Haute Vitesse de Lecture jusqu'à 540 Mo/s. pour PS4, PC, Laptop, Les Gamers et Les Professionnels","67,99 €",,,,https://m.media-amazon.com/images/I/41ScdJOrhWL._AC_UL320_.jpg
SSD,B08LNZLPS8,https://www.amazon.fr/KIOXIA-Enterprise-15360-Read-Intensive/dp/B08LNZLPS8/ref=sr_1_89,False,"Kioxia Enterprise SSD 15360 Go Read Intensive PCIe Gen4 1x4, 2x2","6 702,00 €",,,,https://m.media-amazon.com/images/I/41ScdJOrhWL._AC_UL320_.jpg
SSD,B0BS9Z2FFT,https://www.amazon.fr/Patriot-P220-Disque-Solide-Interne/dp/B0BS9Z2FFT/ref=sr_1_90,False,"Patriot P220 SSD 1To SATA III Disque Solide Interne 2.5""","58,99 €",,,,https://m.media-amazon.com/images/I/41ScdJOrhWL._AC_UL320_.jpg
SSD,B01DRWWLUO,https://www.amazon.fr/Disque-Flash-Interne-Transcend-jusqu%C3%A0/dp/B01DRWWLUO/ref=sr_1_91,False,Transcend 480 Go SATA III 6Gb/s SSD220S 2.5” Solid State Drive TS480GSSD220S,"41,56 €","56,99 €",,,https://m.media-amazon.com/images/I/41ScdJOrhWL._AC_UL320_.jpg
SSD,B09H1653PD,https://www.amazon.fr/appareils-r%C3%A9activit%C3%A9-robuste-performances-exceptionnelles/dp/B09H1653PD/ref=sr_1_92,False,"WD Red SN700 250 Go NVMe SSD pour appareils NAS, avec réactivité robuste du système et performances E/S exceptionnelles","62,67 €","80,70 €",,,https://m.media-amazon.com/images/I/41ScdJOrhWL._AC_UL320_.jpg
SSD,B0BNTCB1R1,https://www.amazon.fr/externe-portable-vitesse-ordinateur-Silver/dp/B0BNTCB1R1/ref=sr_1_93,False,"Disque dur externe, disque dur externe 2 To portable, disque dur externe SSD haute vitesse, USB 3.1, disque dur externe 2 To pour Mac, PC, ordinateur portable (2 To Silver-A)-B5","26,60 €","35,11 €",,,https://m.media-amazon.com/images/I/41ScdJOrhWL._AC_UL320_.jpg
SSD,B07KG1283L,https://www.amazon.fr/Transcend-256Go-MTS830S-Solid-TS512GMTS830S/dp/B07KG1283L/ref=sr_1_94,False,Transcend 256Go SATA III 6Gb/s MTS830S 80 mm M.2 SSD 830S Solid State Drive TS512GMTS830S,"36,53 €","39,99 €",,,https://m.media-amazon.com/images/I/41ScdJOrhWL._AC_UL320_.jpg
SSD,B00HJZJI84,https://www.amazon.fr/StarTech-com-Cble-adaptateur-vers-SATA/dp/B00HJZJI84/ref=sr_1_95,False,"StarTech.com Adaptateur USB 3.0 vers SATA III pour DD / SSD SATA 2,5"" avec UASP (USB3S2SAT3CB)","16,65 €",,,,https://m.media-amazon.com/images/I/41ScdJOrhWL._AC_UL320_.jpg
SSD,B09K7CR37G,https://www.amazon.fr/Kingston-KC3000-PCIe-4-0-NVMe/dp/B09K7CR37G/ref=sr_1_96_mod_primary_new,False,Kingston KC3000 PCIe 4.0 NVMe M.2 SSD - Stockage haute performant pour PC de bureau et PC portables -SKC3000S/512G,"70,05 €","79,32 €",,,https://m.media-amazon.com/images/I/41ScdJOrhWL._AC_UL320_.jpg
